{"cameraMode":{"drawMode":0,"name":"Shaded","section":"Shading Mode"},"sceneLighting":true,"audioPlay":false,"sceneViewState":{"showFog":true,"showMaterialUpdate":false,"showSkybox":true,"showFlares":true,"showImageEffects":true,"showParticleSystems":true},"in2DMode":false,"pivot":{"x":4.183588027954102,"y":11.557873725891114,"z":0.8576662540435791},"rotation":{"x":0.016273248940706254,"y":0.9834030270576477,"z":-0.11439939588308335,"w":0.13988812267780305},"size":16.09918975830078,"orthographic":false}