{"cameraMode":{"drawMode":0,"name":"Shaded","section":"Shading Mode"},"sceneLighting":false,"audioPlay":false,"sceneViewState":{"showFog":true,"showMaterialUpdate":false,"showSkybox":false,"showFlares":true,"showImageEffects":true,"showParticleSystems":true},"in2DMode":false,"pivot":{"x":26.940000534057618,"y":5.700311660766602,"z":12.049997329711914},"rotation":{"x":0.1260773241519928,"y":0.024166643619537355,"z":-0.0030703216325491668,"w":0.9917251467704773},"size":103.76579284667969,"orthographic":false}