{"cameraMode":{"drawMode":0,"name":"Shaded","section":"Shading Mode"},"sceneLighting":false,"audioPlay":false,"sceneViewState":{"showFog":true,"showMaterialUpdate":false,"showSkybox":false,"showFlares":true,"showImageEffects":true,"showParticleSystems":true},"in2DMode":false,"pivot":{"x":-37.8110466003418,"y":2.233647584915161,"z":15.30762004852295},"rotation":{"x":0.18585756421089173,"y":-0.31543484330177309,"z":0.06314751505851746,"w":0.9284327626228333},"size":103.95191192626953,"orthographic":false}