{"cameraMode":{"drawMode":0,"name":"Shaded","section":"Shading Mode"},"sceneLighting":true,"audioPlay":false,"sceneViewState":{"showFog":true,"showMaterialUpdate":false,"showSkybox":true,"showFlares":true,"showImageEffects":true,"showParticleSystems":true},"in2DMode":false,"pivot":{"x":0.7199996113777161,"y":13.755044937133789,"z":-11.210000038146973},"rotation":{"x":0.013298817910254002,"y":0.975696325302124,"z":-0.20980893075466157,"w":0.061845000833272937},"size":0.023325156420469285,"orthographic":false}