{"cameraMode":{"drawMode":0,"name":"Shaded","section":"Shading Mode"},"sceneLighting":false,"audioPlay":false,"sceneViewState":{"showFog":true,"showMaterialUpdate":false,"showSkybox":false,"showFlares":true,"showImageEffects":true,"showParticleSystems":true},"in2DMode":false,"pivot":{"x":12.076852798461914,"y":4.387251377105713,"z":61.666099548339847},"rotation":{"x":0.1131397932767868,"y":0.05757996439933777,"z":-0.0065659950487315659,"w":0.9918939471244812},"size":106.53136444091797,"orthographic":false}