{"cameraMode":{"drawMode":0,"name":"Shaded","section":"Shading Mode"},"sceneLighting":true,"audioPlay":false,"sceneViewState":{"showFog":true,"showMaterialUpdate":false,"showSkybox":true,"showFlares":true,"showImageEffects":true,"showParticleSystems":true},"in2DMode":false,"pivot":{"x":-0.009991168975830078,"y":7.932264804840088,"z":0.19272136688232423},"rotation":{"x":0.09702781587839127,"y":-0.7073350548744202,"z":0.09901010990142822,"w":0.6931659579277039},"size":146.88673400878907,"orthographic":false}