{"cameraMode":{"drawMode":0,"name":"Shaded","section":"Shading Mode"},"sceneLighting":true,"audioPlay":false,"sceneViewState":{"showFog":true,"showMaterialUpdate":false,"showSkybox":true,"showFlares":true,"showImageEffects":true,"showParticleSystems":true},"in2DMode":false,"pivot":{"x":0.8744150400161743,"y":12.777982711791993,"z":11.732539176940918},"rotation":{"x":0.0029809477273374798,"y":0.9929735660552979,"z":-0.11551278829574585,"w":0.025625212118029596},"size":10.582745552062989,"orthographic":false}