{"cameraMode":{"drawMode":0,"name":"Shaded","section":"Shading Mode"},"sceneLighting":true,"audioPlay":false,"sceneViewState":{"showFog":true,"showMaterialUpdate":false,"showSkybox":true,"showFlares":true,"showImageEffects":true,"showParticleSystems":true},"in2DMode":false,"pivot":{"x":1.6097793579101563,"y":10.317023277282715,"z":11.716548919677735},"rotation":{"x":-0.0010169798042625189,"y":-0.9939262270927429,"z":0.10966869443655014,"w":-0.009218716062605381},"size":8.15945816040039,"orthographic":false}